Scheme Name,Net Asset Value,Outstanding Number of Units,Nav Per Unit,Sale Price per Unit,Repurchase Price/Unit,Date Valued
Bond Fund,3.22544E+11,2810605055,114.7596,114.7596,114.7596,12/30/2022
Bond Fund,3.22201E+11,2808386688,114.7283,114.7283,114.7283,12/29/2022
Bond Fund,3.2224E+11,2809499625,114.6966,114.6966,114.6966,12/28/2022
Bond Fund,3.2101E+11,2802003905,114.5646,114.5646,114.5646,12/27/2022
Bond Fund,3.19299E+11,2790119224,114.4393,114.4393,114.4393,12/23/2022
Bond Fund,3.18894E+11,2787342894,114.4078,114.4078,114.4078,12/22/2022
Bond Fund,3.1721E+11,2774121971,114.3462,114.3462,114.3462,12/20/2022
Bond Fund,3.16342E+11,2767280942,114.3152,114.3152,114.3152,12/19/2022
Bond Fund,3.15708E+11,2763970521,114.2226,114.2226,114.2226,12/16/2022
Bond Fund,3.09989E+11,2714617849,114.1923,114.1923,114.1923,12/15/2022
Bond Fund,3.09857E+11,2714209234,114.1611,114.1611,114.1611,12/14/2022
Bond Fund,3.09159E+11,2708829366,114.1302,114.1302,114.1302,12/13/2022
Bond Fund,3.07914E+11,2698661853,114.0987,114.0987,114.0987,12/12/2022
Bond Fund,3.07148E+11,2694872003,113.9751,113.9751,113.9751,12/8/2022
Bond Fund,3.06416E+11,2689173633,113.9442,113.9442,113.9442,12/7/2022
Bond Fund,3.05531E+11,2682136602,113.9131,113.9131,113.9131,12/6/2022
Bond Fund,3.04911E+11,2677433835,113.8819,113.8819,113.8819,12/5/2022
Bond Fund,3.02344E+11,2657069338,113.7885,113.7885,113.7885,12/2/2022
Bond Fund,3.0133E+11,2648893275,113.757,113.757,113.757,12/1/2022
Bond Fund,3.0336E+11,2644190021,114.7269,114.7269,114.7269,11/30/2022
Bond Fund,3.02904E+11,2640935811,114.6958,114.6958,114.6958,11/29/2022
Bond Fund,3.01296E+11,2627679789,114.6624,114.6624,114.6624,11/28/2022
Bond Fund,3.00647E+11,2624177222,114.568,114.568,114.568,11/25/2022
Bond Fund,3.00012E+11,2619354795,114.5366,114.5366,114.5366,11/24/2022
Bond Fund,2.99132E+11,2612385608,114.5051,114.5051,114.5051,11/23/2022
Bond Fund,2.98574E+11,2608223888,114.4742,114.4742,114.4742,11/22/2022
Bond Fund,2.97794E+11,2602083655,114.4445,114.4445,114.4445,11/21/2022
Bond Fund,2.97506E+11,2601669040,114.352,114.352,114.352,11/18/2022
Bond Fund,2.967E+11,2595314650,114.3215,114.3215,114.3215,11/17/2022
Bond Fund,2.96052E+11,2594027829,114.1281,114.1281,114.1281,11/16/2022
Bond Fund,2.96868E+11,2601911845,114.096,114.096,114.096,11/15/2022
Bond Fund,2.96084E+11,2595753878,114.0648,114.0648,114.0648,11/14/2022
Bond Fund,2.95718E+11,2594685588,113.9708,113.9708,113.9708,11/11/2022
Bond Fund,2.95188E+11,2590727751,113.9402,113.9402,113.9402,11/10/2022
Bond Fund,2.94488E+11,2585290280,113.9091,113.9091,113.9091,11/9/2022
Bond Fund,2.93549E+11,2577748068,113.8781,113.8781,113.8781,11/8/2022
Bond Fund,2.923E+11,2567463249,113.8477,113.8477,113.8477,11/7/2022
Bond Fund,2.91606E+11,2563455769,113.755,113.755,113.755,11/4/2022
Bond Fund,2.88737E+11,2538939455,113.7237,113.7237,113.7237,11/3/2022
Bond Fund,2.88107E+11,2534094530,113.6924,113.6924,113.6924,11/2/2022
Bond Fund,2.87696E+11,2531154073,113.6621,113.6621,113.6621,11/1/2022
Bond Fund,2.89172E+11,2522635762,114.6308,114.6308,114.6308,10/31/2022
Bond Fund,2.88531E+11,2519102939,114.5372,114.5372,114.5372,10/28/2022
Bond Fund,2.87807E+11,2513460867,114.5061,114.5061,114.5061,10/27/2022
Bond Fund,2.87194E+11,2512114396,114.3237,114.3237,114.3237,10/26/2022
Bond Fund,2.87086E+11,2511855246,114.2924,114.2924,114.2924,10/25/2022
Bond Fund,2.86304E+11,2505702526,114.2611,114.2611,114.2611,10/24/2022
Bond Fund,2.85269E+11,2498693617,114.1673,114.1673,114.1673,10/21/2022
Bond Fund,2.83315E+11,2483603846,114.0742,114.0742,114.0742,10/18/2022
Bond Fund,2.81882E+11,2471715726,114.043,114.043,114.043,10/17/2022
Bond Fund,2.81249E+11,2468844387,113.9191,113.9191,113.9191,10/13/2022
Bond Fund,2.802E+11,2460304826,113.8881,113.8881,113.8881,10/12/2022
Bond Fund,2.79437E+11,2454274276,113.8571,113.8571,113.8571,10/11/2022
Bond Fund,2.784E+11,2445838285,113.826,113.826,113.826,10/10/2022
Bond Fund,2.77628E+11,2441064539,113.7323,113.7323,113.7323,10/7/2022
Bond Fund,2.77196E+11,2437943091,113.701,113.701,113.701,10/6/2022
Bond Fund,2.76534E+11,2432788706,113.6697,113.6697,113.6697,10/5/2022
Bond Fund,2.74327E+11,2414020362,113.639,113.639,113.639,10/4/2022
Bond Fund,2.72776E+11,2401108753,113.6044,113.6044,113.6044,10/3/2022
Bond Fund,2.75004E+11,2401861586,114.4962,114.4962,114.4962,9/30/2022
Bond Fund,2.74478E+11,2397952613,114.4634,114.4634,114.4634,9/29/2022
Bond Fund,2.73784E+11,2392562035,114.4314,114.4314,114.4314,9/28/2022
Bond Fund,2.73413E+11,2389960666,114.4006,114.4006,114.4006,9/27/2022
Bond Fund,2.71538E+11,2379720285,114.1049,114.1049,114.1049,9/26/2022
Bond Fund,2.64071E+11,2316138471,114.0135,114.0135,114.0135,9/23/2022
Bond Fund,2.63614E+11,2312767340,113.9821,113.9821,113.9821,9/22/2022
Bond Fund,2.62989E+11,2307918410,113.9506,113.9506,113.9506,9/21/2022
Bond Fund,2.6215E+11,2301192534,113.9192,113.9192,113.9192,9/20/2022
Bond Fund,2.61711E+11,2297975212,113.8879,113.8879,113.8879,9/19/2022
Bond Fund,2.6089E+11,2292653834,113.7938,113.7938,113.7938,9/16/2022
Bond Fund,2.60146E+11,2286757818,113.7618,113.7618,113.7618,9/15/2022
Bond Fund,2.59212E+11,2279183523,113.7303,113.7303,113.7303,9/14/2022
Bond Fund,2.58689E+11,2275216641,113.6988,113.6988,113.6988,9/13/2022
Bond Fund,2.57711E+11,2267241566,113.6672,113.6672,113.6672,9/12/2022
Bond Fund,2.56974E+11,2262648493,113.5721,113.5721,113.5721,9/9/2022
Bond Fund,2.56098E+11,2255572844,113.5403,113.5403,113.5403,9/8/2022
Bond Fund,2.55491E+11,2250853627,113.5084,113.5084,113.5084,9/7/2022
Bond Fund,2.54892E+11,2246202546,113.4769,113.4769,113.4769,9/6/2022
Bond Fund,2.54083E+11,2239699023,113.4454,113.4454,113.4454,9/5/2022
Bond Fund,2.51411E+11,2217999323,113.3502,113.3502,113.3502,9/2/2022
Bond Fund,2.49422E+11,2201057768,113.3192,113.3192,113.3192,9/1/2022
Bond Fund,2.51268E+11,2198571499,114.2871,114.2871,114.2871,8/31/2022
Bond Fund,2.50192E+11,2189749298,114.2559,114.2559,114.2559,8/30/2022
Bond Fund,2.48658E+11,2176930050,114.2242,114.2242,114.2242,8/29/2022
Bond Fund,2.47768E+11,2170952922,114.1287,114.1287,114.1287,8/26/2022
Bond Fund,2.47016E+11,2164965440,114.0968,114.0968,114.0968,8/25/2022
Bond Fund,2.46444E+11,2160556235,114.065,114.065,114.065,8/24/2022
Bond Fund,2.45583E+11,2154204318,114.0019,114.0019,114.0019,8/22/2022
Bond Fund,2.42731E+11,2138601425,113.4999,113.4999,113.4999,8/19/2022
Bond Fund,2.42831E+11,2140099838,113.4673,113.4673,113.4673,8/18/2022
Bond Fund,2.42417E+11,2137674374,113.4023,113.4023,113.4023,8/16/2022
Bond Fund,2.41383E+11,2129158287,113.3701,113.3701,113.3701,8/15/2022
Bond Fund,2.40501E+11,2123176322,113.2742,113.2742,113.2742,8/12/2022
Bond Fund,2.4002E+11,2119535196,113.2416,113.2416,113.2416,8/11/2022
Bond Fund,2.38991E+11,2111048583,113.2096,113.2096,113.2096,8/10/2022
Bond Fund,2.38025E+11,2103111346,113.1775,113.1775,113.1775,8/9/2022
Bond Fund,2.36786E+11,2094545396,113.0487,113.0487,113.0487,8/5/2022
Bond Fund,2.35953E+11,2087772386,113.0164,113.0164,113.0164,8/4/2022
Bond Fund,2.35272E+11,2082350659,112.9841,112.9841,112.9841,8/3/2022
Bond Fund,2.33188E+11,2064472497,112.9527,112.9527,112.9527,8/2/2022
Bond Fund,2.31527E+11,2050361159,112.92,112.92,112.92,8/1/2022
Bond Fund,2.32645E+11,2043961764,113.8206,113.8206,113.8206,7/29/2022
Bond Fund,2.32176E+11,2040439915,113.7874,113.7874,113.7874,7/28/2022
Bond Fund,2.30885E+11,2029664726,113.7554,113.7554,113.7554,7/27/2022
Bond Fund,2.30098E+11,2023319513,113.7232,113.7232,113.7232,7/26/2022
Bond Fund,2.29479E+11,2018448903,113.6906,113.6906,113.6906,7/25/2022
Bond Fund,2.2879E+11,2014115282,113.5935,113.5935,113.5935,7/22/2022
Bond Fund,2.27303E+11,2001595036,113.5612,113.5612,113.5612,7/21/2022
Bond Fund,2.26992E+11,1999436824,113.5281,113.5281,113.5281,7/20/2022
Bond Fund,2.26301E+11,1993914105,113.4958,113.4958,113.4958,7/19/2022
Bond Fund,2.25676E+11,1988975074,113.4635,113.4635,113.4635,7/18/2022
Bond Fund,2.24955E+11,1984321696,113.366,113.366,113.366,7/15/2022
Bond Fund,2.24682E+11,1982492785,113.3333,113.3333,113.3333,7/14/2022
Bond Fund,2.2344E+11,1972094664,113.3008,113.3008,113.3008,7/13/2022
Bond Fund,2.23139E+11,1970004663,113.2681,113.2681,113.2681,7/12/2022
Bond Fund,2.21974E+11,1960281200,113.2356,113.2356,113.2356,7/11/2022
Bond Fund,2.21117E+11,1954423982,113.1369,113.1369,113.1369,7/8/2022
Bond Fund,2.21195E+11,1956240750,113.0713,113.0713,113.0713,7/6/2022
Bond Fund,2.20385E+11,1949643627,113.0388,113.0388,113.0388,7/5/2022
Bond Fund,2.19027E+11,1938193162,113.0059,113.0059,113.0059,7/4/2022
Bond Fund,2.18335E+11,1933752382,112.9075,112.9075,112.9075,7/1/2022
Bond Fund,2.19795E+11,1930149153,113.8745,113.8745,113.8745,6/30/2022
Bond Fund,2.19349E+11,1926788167,113.8417,113.8417,113.8417,6/29/2022
Bond Fund,2.18659E+11,1921233431,113.8119,113.8119,113.8119,6/28/2022
Bond Fund,2.17816E+11,1914381877,113.7788,113.7788,113.7788,6/27/2022
Bond Fund,2.17446E+11,1912787283,113.6802,113.6802,113.6802,6/24/2022
Bond Fund,2.17332E+11,1912339709,113.6472,113.6472,113.6472,6/23/2022
Bond Fund,2.1738E+11,1913306649,113.6146,113.6146,113.6146,6/22/2022
Bond Fund,2.16543E+11,1906488723,113.5821,113.5821,113.5821,6/21/2022
Bond Fund,2.17048E+11,1911484004,113.5495,113.5495,113.5495,6/20/2022
Bond Fund,2.16296E+11,1906497066,113.452,113.452,113.452,6/17/2022
Bond Fund,2.15767E+11,1902386007,113.4194,113.4194,113.4194,6/16/2022
Bond Fund,2.15831E+11,1903506476,113.3859,113.3859,113.3859,6/15/2022
Bond Fund,2.15146E+11,1898011112,113.3533,113.3533,113.3533,6/14/2022
Bond Fund,2.14432E+11,1892260185,113.3208,113.3208,113.3208,6/13/2022
Bond Fund,2.13343E+11,1884278632,113.2227,113.2227,113.2227,6/10/2022
Bond Fund,2.12897E+11,1880892311,113.1896,113.1896,113.1896,6/9/2022
Bond Fund,2.12363E+11,1876713551,113.1567,113.1567,113.1567,6/8/2022
Bond Fund,2.1167E+11,1871128483,113.1241,113.1241,113.1241,6/7/2022
Bond Fund,2.11007E+11,1865809865,113.0914,113.0914,113.0914,6/6/2022
Bond Fund,2.1028E+11,1860999622,112.9929,112.9929,112.9929,6/3/2022
Bond Fund,2.08126E+11,1842494368,112.9591,112.9591,112.9591,6/2/2022
Bond Fund,2.0713E+11,1834187923,112.9272,112.9272,112.9272,6/1/2022
Bond Fund,2.08187E+11,1827906001,113.8939,113.8939,113.8939,5/31/2022
Bond Fund,2.06532E+11,1813896083,113.8608,113.8608,113.8608,5/30/2022
Bond Fund,2.05941E+11,1810314788,113.7599,113.7599,113.7599,5/27/2022
Bond Fund,2.0557E+11,1807582103,113.7266,113.7266,113.7266,5/26/2022
Bond Fund,2.05263E+11,1805413471,113.6931,113.6931,113.6931,5/25/2022
Bond Fund,2.04609E+11,1800185437,113.6601,113.6601,113.6601,5/24/2022
Bond Fund,2.03478E+11,1795117863,113.3506,113.3506,113.3506,5/23/2022
Bond Fund,2.02873E+11,1791342509,113.2518,113.2518,113.2518,5/20/2022
Bond Fund,2.02503E+11,1788596865,113.2189,113.2189,113.2189,5/19/2022
Bond Fund,2.02988E+11,1793364858,113.1886,113.1886,113.1886,5/18/2022
Bond Fund,2.02436E+11,1789006907,113.1558,113.1558,113.1558,5/17/2022
Bond Fund,2.01147E+11,1778130083,113.1229,113.1229,113.1229,5/16/2022
Bond Fund,2.00352E+11,1772655355,113.0239,113.0239,113.0239,5/13/2022
Bond Fund,1.99382E+11,1764577577,112.9911,112.9911,112.9911,5/12/2022
Bond Fund,1.98952E+11,1761291729,112.9579,112.9579,112.9579,5/11/2022
Bond Fund,1.98275E+11,1755803189,112.9253,112.9253,112.9253,5/10/2022
Bond Fund,1.97474E+11,1749245374,112.8912,112.8912,112.8912,5/9/2022
Bond Fund,1.96544E+11,1742490975,112.795,112.795,112.795,5/6/2022
Bond Fund,1.94848E+11,1728071336,112.7543,112.7543,112.7543,5/5/2022
Bond Fund,1.94234E+11,1724119919,112.6571,112.6571,112.6571,5/2/2022
Bond Fund,1.95278E+11,1719643990,113.5575,113.5575,113.5575,4/29/2022
Bond Fund,1.94727E+11,1715280783,113.5248,113.5248,113.5248,4/28/2022
Bond Fund,1.92823E+11,1705446551,113.0631,113.0631,113.0631,4/27/2022
Bond Fund,1.92169E+11,1700665928,112.9964,112.9964,112.9964,4/25/2022
Bond Fund,1.912E+11,1693521565,112.9006,112.9006,112.9006,4/22/2022
Bond Fund,1.9099E+11,1692202723,112.8648,112.8648,112.8648,4/21/2022
Bond Fund,1.90537E+11,1688694328,112.8311,112.8311,112.8311,4/20/2022
Bond Fund,1.89686E+11,1681647078,112.7976,112.7976,112.7976,4/19/2022
Bond Fund,1.88405E+11,1672798864,112.6287,112.6287,112.6287,4/14/2022
Bond Fund,1.87649E+11,1666562462,112.5961,112.5961,112.5961,4/13/2022
Bond Fund,1.87561E+11,1666279295,112.563,112.563,112.563,4/12/2022
Bond Fund,1.86627E+11,1658458144,112.5303,112.5303,112.5303,4/11/2022
Bond Fund,1.8583E+11,1652821457,112.4318,112.4318,112.4318,4/8/2022
Bond Fund,1.84941E+11,1645878912,112.366,112.366,112.366,4/6/2022
Bond Fund,1.84309E+11,1640740577,112.333,112.333,112.333,4/5/2022
Bond Fund,1.81348E+11,1614830758,112.3014,112.3014,112.3014,4/4/2022
Bond Fund,1.79165E+11,1596829719,112.2004,112.2004,112.2004,4/1/2022
Bond Fund,1.80147E+11,1591873166,113.1666,113.1666,113.1666,3/31/2022
Bond Fund,1.79198E+11,1583958678,113.1329,113.1329,113.1329,3/30/2022
Bond Fund,1.78076E+11,1574506392,113.0996,113.0996,113.0996,3/29/2022
Bond Fund,1.77415E+11,1569128669,113.0657,113.0657,113.0657,3/28/2022
Bond Fund,1.76253E+11,1560258198,112.9641,112.9641,112.9641,3/25/2022
Bond Fund,1.75042E+11,1550011681,112.9295,112.9295,112.9295,3/24/2022
Bond Fund,1.73928E+11,1546987325,112.4303,112.4303,112.4303,3/23/2022
Bond Fund,1.73328E+11,1542131718,112.3951,112.3951,112.3951,3/22/2022
Bond Fund,1.78062E+11,1584808101,112.3555,112.3555,112.3555,3/21/2022
Bond Fund,1.76871E+11,1575644378,112.253,112.253,112.253,3/18/2022
Bond Fund,1.75799E+11,1566577636,112.2185,112.2185,112.2185,3/17/2022
Bond Fund,1.75287E+11,1562483373,112.1851,112.1851,112.1851,3/16/2022
Bond Fund,1.74814E+11,1558727044,112.1516,112.1516,112.1516,3/15/2022
Bond Fund,1.73694E+11,1549200835,112.1181,112.1181,112.1181,3/14/2022
Bond Fund,1.71933E+11,1534878000,112.0175,112.0175,112.0175,3/11/2022
Bond Fund,1.77973E+11,1595079762,111.5762,111.5762,111.5762,3/10/2022
Bond Fund,1.78053E+11,1596283864,111.5422,111.5422,111.5422,3/9/2022
Bond Fund,1.76645E+11,1584132170,111.509,111.509,111.509,3/8/2022
Bond Fund,1.75847E+11,1577445302,111.4755,111.4755,111.4755,3/7/2022
Bond Fund,1.75336E+11,1574288289,111.3746,111.3746,111.3746,3/4/2022
Bond Fund,1.74583E+11,1567976674,111.3428,111.3428,111.3428,3/3/2022
Bond Fund,1.73439E+11,1558191948,111.308,111.308,111.308,3/2/2022
Bond Fund,1.71785E+11,1543807721,111.2735,111.2735,111.2735,3/1/2022
Bond Fund,1.71852E+11,1532373204,112.1478,112.1478,112.1478,2/28/2022
Bond Fund,1.70937E+11,1525616364,112.0448,112.0448,112.0448,2/25/2022
Bond Fund,1.70087E+11,1518489614,112.0108,112.0108,112.0108,2/24/2022
Bond Fund,1.68825E+11,1513745046,111.5283,111.5283,111.5283,2/23/2022
Bond Fund,1.68096E+11,1507674609,111.4937,111.4937,111.4937,2/22/2022
Bond Fund,1.67056E+11,1498816979,111.4583,111.4583,111.4583,2/21/2022
Bond Fund,1.6615E+11,1492091860,111.3534,111.3534,111.3534,2/18/2022
Bond Fund,1.65644E+11,1488002012,111.3196,111.3196,111.3196,2/17/2022
Bond Fund,1.65234E+11,1484773361,111.2856,111.2856,111.2856,2/16/2022
Bond Fund,1.63038E+11,1465485394,111.2518,111.2518,111.2518,2/15/2022
Bond Fund,1.62541E+11,1461469271,111.2172,111.2172,111.2172,2/14/2022
Bond Fund,1.62098E+11,1458803391,111.1168,111.1168,111.1168,2/11/2022
Bond Fund,1.61316E+11,1452219394,111.0826,111.0826,111.0826,2/10/2022
Bond Fund,1.60792E+11,1447948241,111.0482,111.0482,111.0482,2/9/2022
Bond Fund,1.60033E+11,1441555612,111.0138,111.0138,111.0138,2/8/2022
Bond Fund,1.5993E+11,1441085944,110.9788,110.9788,110.9788,2/7/2022
Bond Fund,1.58603E+11,1430461415,110.8752,110.8752,110.8752,2/4/2022
Bond Fund,1.57188E+11,1418148252,110.8405,110.8405,110.8405,2/3/2022
Bond Fund,1.55227E+11,1400880125,110.8065,110.8065,110.8065,2/2/2022
Bond Fund,1.54191E+11,1391968319,110.7716,110.7716,110.7716,2/1/2022
Bond Fund,1.54855E+11,1385937723,111.7333,111.7333,111.7333,1/31/2022
Bond Fund,1.53964E+11,1379257318,111.628,111.628,111.628,1/28/2022
Bond Fund,1.53275E+11,1373519888,111.5929,111.5929,111.5929,1/27/2022
Bond Fund,1.52591E+11,1367824370,111.5573,111.5573,111.5573,1/26/2022
Bond Fund,1.52134E+11,1364163235,111.522,111.522,111.522,1/25/2022
Bond Fund,1.52058E+11,1363919930,111.4858,111.4858,111.4858,1/24/2022
Bond Fund,1.51489E+11,1360095712,111.3812,111.3812,111.3812,1/21/2022
Bond Fund,1.51068E+11,1356730637,111.347,111.347,111.347,1/20/2022
Bond Fund,1.50849E+11,1355178454,111.3129,111.3129,111.3129,1/19/2022
Bond Fund,1.50409E+11,1351647656,111.2786,111.2786,111.2786,1/18/2022
Bond Fund,1.49831E+11,1346864807,111.2443,111.2443,111.2443,1/17/2022
Bond Fund,1.4965E+11,1346488499,111.1406,111.1406,111.1406,1/14/2022
Bond Fund,1.49601E+11,1346469290,111.1061,111.1061,111.1061,1/13/2022
Bond Fund,1.492E+11,1343694587,111.0372,111.0372,111.0372,1/11/2022
Bond Fund,1.48631E+11,1338987583,111.0026,111.0026,111.0026,1/10/2022
Bond Fund,1.48102E+11,1335474210,110.8985,110.8985,110.8985,1/7/2022
Bond Fund,1.47146E+11,1327290829,110.8617,110.8617,110.8617,1/6/2022
Bond Fund,1.46833E+11,1324890313,110.8269,110.8269,110.8269,1/5/2022
Bond Fund,1.46565E+11,1322894355,110.791,110.791,110.791,1/4/2022
Bond Fund,1.45735E+11,1315813218,110.7569,110.7569,110.7569,1/3/2022
Bond Fund,1.46667E+11,1313604651,111.652,111.652,111.652,12/31/2021
Bond Fund,1.46279E+11,1310535663,111.6175,111.6175,111.6175,12/30/2021
Bond Fund,1.46077E+11,1309148255,111.5815,111.5815,111.5815,12/29/2021
Bond Fund,1.45763E+11,1306740449,111.547,111.547,111.547,12/28/2021
Bond Fund,1.44812E+11,1303117766,111.1277,111.1277,111.1277,12/27/2021
Bond Fund,1.43882E+11,1295997070,111.0201,111.0201,111.0201,12/24/2021
Bond Fund,1.43529E+11,1293239555,110.9842,110.9842,110.9842,12/23/2021
Bond Fund,1.42834E+11,1287393613,110.9482,110.9482,110.9482,12/22/2021
Bond Fund,1.42098E+11,1281177821,110.9121,110.9121,110.9121,12/21/2021
Bond Fund,1.4201E+11,1280777807,110.8782,110.8782,110.8782,12/20/2021
Bond Fund,1.4133E+11,1275841236,110.774,110.774,110.774,12/17/2021
Bond Fund,1.41067E+11,1273871433,110.7387,110.7387,110.7387,12/16/2021
Bond Fund,1.4089E+11,1272686168,110.7029,110.7029,110.7029,12/15/2021
Bond Fund,1.39462E+11,1260168949,110.6692,110.6692,110.6692,12/14/2021
Bond Fund,1.39095E+11,1257255260,110.6342,110.6342,110.6342,12/13/2021
Bond Fund,1.38548E+11,1253499841,110.5293,110.5293,110.5293,12/10/2021
Bond Fund,1.37428E+11,1246409251,110.259,110.259,110.259,12/8/2021
Bond Fund,1.37205E+11,1244792317,110.223,110.223,110.223,12/7/2021
Bond Fund,1.36526E+11,1239030537,110.188,110.188,110.188,12/6/2021
Bond Fund,1.35562E+11,1231460922,110.0823,110.0823,110.0823,12/3/2021
Bond Fund,1.34583E+11,1222978144,110.0457,110.0457,110.0457,12/2/2021
Bond Fund,1.34213E+11,1219989685,110.0113,110.0113,110.0113,12/1/2021
Bond Fund,1.35371E+11,1219824663,110.9759,110.9759,110.9759,11/30/2021
Bond Fund,1.34305E+11,1210604560,110.9402,110.9402,110.9402,11/29/2021
Bond Fund,1.33667E+11,1206030163,110.8322,110.8322,110.8322,11/26/2021
Bond Fund,1.33225E+11,1202425658,110.7971,110.7971,110.7971,11/25/2021
Bond Fund,1.32959E+11,1200408039,110.7616,110.7616,110.7616,11/24/2021
Bond Fund,1.32519E+11,1196805057,110.7272,110.7272,110.7272,11/23/2021
Bond Fund,1.31816E+11,1190828232,110.6923,110.6923,110.6923,11/22/2021
Bond Fund,1.31557E+11,1189647807,110.5849,110.5849,110.5849,11/19/2021
Bond Fund,1.31319E+11,1187889443,110.5478,110.5478,110.5478,11/18/2021
Bond Fund,1.31163E+11,1186855662,110.5129,110.5129,110.5129,11/17/2021
Bond Fund,1.30709E+11,1183117623,110.4782,110.4782,110.4782,11/16/2021
Bond Fund,1.30023E+11,1177285038,110.4433,110.4433,110.4433,11/15/2021
Bond Fund,1.29597E+11,1174545244,110.3382,110.3382,110.3382,11/12/2021
Bond Fund,1.2954E+11,1174398140,110.3033,110.3033,110.3033,11/11/2021
Bond Fund,1.29155E+11,1171281510,110.2683,110.2683,110.2683,11/10/2021
Bond Fund,1.24863E+11,1132709764,110.2338,110.2338,110.2338,11/9/2021
Bond Fund,1.23996E+11,1125208701,110.1979,110.1979,110.1979,11/8/2021
Bond Fund,1.23446E+11,1121257416,110.096,110.096,110.096,11/5/2021
Bond Fund,1.23556E+11,1122627174,110.0596,110.0596,110.0596,11/4/2021
Bond Fund,1.2329E+11,1120583292,110.0234,110.0234,110.0234,11/3/2021
Bond Fund,1.22349E+11,1112402145,109.9865,109.9865,109.9865,11/2/2021
Bond Fund,1.21954E+11,1109167785,109.9511,109.9511,109.9511,11/1/2021
Bond Fund,1.2257E+11,1105814969,110.8415,110.8415,110.8415,10/29/2021
Bond Fund,1.22318E+11,1103902935,110.805,110.805,110.805,10/28/2021
Bond Fund,1.21757E+11,1099200324,110.7692,110.7692,110.7692,10/27/2021
Bond Fund,1.21399E+11,1096328843,110.7327,110.7327,110.7327,10/26/2021
Bond Fund,1.21022E+11,1093279296,110.6967,110.6967,110.6967,10/25/2021
Bond Fund,1.20654E+11,1091018623,110.5883,110.5883,110.5883,10/22/2021
Bond Fund,1.20122E+11,1086591457,110.5496,110.5496,110.5496,10/21/2021
Bond Fund,1.19394E+11,1080352382,110.5137,110.5137,110.5137,10/20/2021
Bond Fund,1.18758E+11,1075302515,110.4413,110.4413,110.4413,10/18/2021
Bond Fund,1.18222E+11,1071508307,110.3321,110.3321,110.3321,10/15/2021
Bond Fund,1.17964E+11,1069878292,110.259,110.259,110.259,10/13/2021
Bond Fund,1.17561E+11,1066582460,110.2224,110.2224,110.2224,10/12/2021
Bond Fund,1.17411E+11,1065547912,110.1887,110.1887,110.1887,10/11/2021
Bond Fund,1.1676E+11,1060614641,110.0872,110.0872,110.0872,10/8/2021
Bond Fund,1.16315E+11,1057229321,110.0188,110.0188,110.0188,10/6/2021
Bond Fund,1.15869E+11,1053499606,109.9848,109.9848,109.9848,10/5/2021
Bond Fund,1.14772E+11,1043845892,109.9513,109.9513,109.9513,10/4/2021
Bond Fund,1.14322E+11,1040729099,109.8476,109.8476,109.8476,10/1/2021
Bond Fund,1.15463E+11,1041971088,110.8119,110.8119,110.8119,9/30/2021
Bond Fund,1.15259E+11,1040455840,110.7774,110.7774,110.7774,9/29/2021
Bond Fund,1.14941E+11,1037909270,110.7429,110.7429,110.7429,9/28/2021
Bond Fund,1.13515E+11,1032281298,109.9656,109.9656,109.9656,9/27/2021
Bond Fund,1.13043E+11,1028997725,109.8577,109.8577,109.8577,9/24/2021
Bond Fund,1.13347E+11,1032114093,109.8206,109.8206,109.8206,9/23/2021
Bond Fund,1.1322E+11,1030952584,109.7839,109.7839,109.7839,9/22/2021
Bond Fund,1.13011E+11,1029732769,109.7482,109.7482,109.7482,9/21/2021
Bond Fund,1.12616E+11,1026459779,109.7125,109.7125,109.7125,9/20/2021
Bond Fund,1.12152E+11,1023233294,109.6051,109.6051,109.6051,9/17/2021
Bond Fund,1.12095E+11,1023051825,109.569,109.569,109.569,9/16/2021
Bond Fund,1.11502E+11,1017977304,109.5334,109.5334,109.5334,9/15/2021
Bond Fund,1.11118E+11,1014799701,109.4976,109.4976,109.4976,9/14/2021
Bond Fund,1.10514E+11,1009608243,109.4618,109.4618,109.4618,9/13/2021
Bond Fund,1.09874E+11,1004759201,109.3539,109.3539,109.3539,9/10/2021
Bond Fund,1.08872E+11,995924895.2,109.318,109.318,109.318,9/9/2021
Bond Fund,1.08507E+11,992915865.4,109.2816,109.2816,109.2816,9/8/2021
Bond Fund,1.08398E+11,992245861.8,109.2449,109.2449,109.2449,9/7/2021
Bond Fund,1.07746E+11,986606842.2,109.2085,109.2085,109.2085,9/6/2021
Bond Fund,1.07503E+11,985374626.4,109.0984,109.0984,109.0984,9/3/2021
Bond Fund,1.06525E+11,976743293,109.0619,109.0619,109.0619,9/2/2021
Bond Fund,1.06166E+11,973778363.6,109.0249,109.0249,109.0249,9/1/2021
Bond Fund,1.06906E+11,971980115.7,109.9875,109.9875,109.9875,8/31/2021
Bond Fund,1.06642E+11,969926316.5,109.9489,109.9489,109.9489,8/30/2021
Bond Fund,1.06366E+11,968393838,109.8374,109.8374,109.8374,8/27/2021
Bond Fund,1.06168E+11,966921774,109.8002,109.8002,109.8002,8/26/2021
Bond Fund,1.06002E+11,965736770.2,109.7631,109.7631,109.7631,8/25/2021
Bond Fund,1.05656E+11,962909371.5,109.7261,109.7261,109.7261,8/24/2021
Bond Fund,1.05023E+11,957463196.9,109.6891,109.6891,109.6891,8/23/2021
Bond Fund,1.04775E+11,956174388.3,109.5773,109.5773,109.5773,8/20/2021
Bond Fund,1.04381E+11,952900942.1,109.5401,109.5401,109.5401,8/19/2021
Bond Fund,1.04454E+11,953899736.6,109.5026,109.5026,109.5026,8/18/2021
Bond Fund,1.0415E+11,951440900.4,109.4652,109.4652,109.4652,8/17/2021
Bond Fund,1.03795E+11,948521794.4,109.4286,109.4286,109.4286,8/16/2021
Bond Fund,1.03441E+11,946256742.3,109.3163,109.3163,109.3163,8/13/2021
Bond Fund,1.03377E+11,945971108.3,109.2814,109.2814,109.2814,8/12/2021
Bond Fund,1.02837E+11,941373288,109.241,109.241,109.241,8/11/2021
Bond Fund,1.02083E+11,934792197.3,109.2043,109.2043,109.2043,8/10/2021
Bond Fund,1.09874E+11,1004759201,109.3539,109.3539,109.3539,8/10/2021
Bond Fund,1.01688E+11,931480105.4,109.1684,109.1684,109.1684,8/9/2021
Bond Fund,1.00793E+11,924193049,109.0602,109.0602,109.0602,8/6/2021
Bond Fund,1.00513E+11,921934567,109.0237,109.0237,109.0237,8/5/2021
Bond Fund,1.00288E+11,920179340.9,108.9873,108.9873,108.9873,8/4/2021
Bond Fund,99489035197,913151394.3,108.9513,108.9513,108.9513,8/3/2021
Bond Fund,98613869376,905388907.5,108.9188,108.9188,108.9188,8/2/2021
Bond Fund,99521640563,906350185.5,109.8048,109.8048,109.8048,7/30/2021
Bond Fund,99358514291,905167357.4,109.7681,109.7681,109.7681,7/29/2021
Bond Fund,99096060580,903122764.5,109.726,109.726,109.726,7/28/2021
Bond Fund,98718766806,899986310.2,109.6892,109.6892,109.6892,7/27/2021
Bond Fund,98859563669,901577504.8,109.6518,109.6518,109.6518,7/26/2021
Bond Fund,98640783907,900490983.9,109.5411,109.5411,109.5411,7/23/2021
Bond Fund,98321428329,897878152.4,109.5042,109.5042,109.5042,7/22/2021
Bond Fund,97893052178,894573530.1,109.4299,109.4299,109.4299,7/20/2021
Bond Fund,97211004634,888641638.3,109.3928,109.3928,109.3928,7/19/2021
Bond Fund,96783850958,885641596.4,109.2811,109.2811,109.2811,7/16/2021
Bond Fund,96190039729,880501369.3,109.2446,109.2446,109.2446,7/15/2021
Bond Fund,95887646945,878028318.8,109.2079,109.2079,109.2079,7/14/2021
Bond Fund,95605258425,875737504.2,109.1711,109.1711,109.1711,7/13/2021
Bond Fund,95469846022,874795367.1,109.1339,109.1339,109.1339,7/12/2021
Bond Fund,95031370875,871674041.3,109.0217,109.0217,109.0217,7/9/2021
Bond Fund,94465566286,866769487.3,108.9858,108.9858,108.9858,7/8/2021
Bond Fund,94274002729,865610386.4,108.9104,108.9104,108.9104,7/6/2021
Bond Fund,93751537800,861140694.4,108.869,108.869,108.869,7/5/2021
Bond Fund,93440429903,859136614.3,108.7609,108.7609,108.7609,7/2/2021
Bond Fund,93858205692,863266582.6,108.7245,108.7245,108.7245,7/1/2021
Bond Fund,94481972885,861357390.2,109.6896,109.6896,109.6896,6/30/2021
Bond Fund,94061804455,860619319.4,109.2955,109.2955,109.2955,6/29/2021
Bond Fund,93698282461,857571394.6,109.26,109.26,109.26,6/28/2021
Bond Fund,92983423952,854332752.9,108.8375,108.8375,108.8375,6/25/2021
Bond Fund,92665433432,851702382,108.8003,108.8003,108.8003,6/24/2021
Bond Fund,92540767986,850831154.4,108.7651,108.7651,108.7651,6/23/2021
Bond Fund,92256760005,848505811.5,108.7285,108.7285,108.7285,6/22/2021
Bond Fund,92055693260,846942691.8,108.6918,108.6918,108.6918,6/21/2021
Bond Fund,91804872288,845495833.6,108.5811,108.5811,108.5811,6/18/2021
Bond Fund,91227525776,840478311.4,108.5424,108.5424,108.5424,6/17/2021
Bond Fund,90865116238,837417462.9,108.5064,108.5064,108.5064,6/16/2021
Bond Fund,90800646059,837098623,108.4707,108.4707,108.4707,6/15/2021
Bond Fund,89465092690,825054999.5,108.4353,108.4353,108.4353,6/14/2021
Bond Fund,88873574104,820413667,108.3278,108.3278,108.3278,6/11/2021
Bond Fund,88641043113,818539643.8,108.2917,108.2917,108.2917,6/10/2021
Bond Fund,88686890138,819237468.7,108.2554,108.2554,108.2554,6/9/2021
Bond Fund,88413794932,816981117.2,108.2201,108.2201,108.2201,6/8/2021
Bond Fund,88143432062,814748880.4,108.1848,108.1848,108.1848,6/7/2021
Bond Fund,87643583427,810922106,108.0789,108.0789,108.0789,6/4/2021
Bond Fund,86214368457,797957310.5,108.0438,108.0438,108.0438,6/3/2021
Bond Fund,85436751243,791011550.5,108.0095,108.0095,108.0095,6/2/2021
Bond Fund,85017503434,787389744.5,107.9739,107.9739,107.9739,6/1/2021
Bond Fund,85381477864,783755731.5,108.9389,108.9389,108.9389,5/31/2021
Bond Fund,85147789847,782373880.8,108.8326,108.8326,108.8326,5/28/2021
Bond Fund,84476673454,778761301.2,108.4757,108.4757,108.4757,5/27/2021
Bond Fund,84405119625,778370336,108.4383,108.4383,108.4383,5/26/2021
Bond Fund,84253737246,777240841,108.4011,108.4011,108.4011,5/25/2021
Bond Fund,83883729073,774086822.6,108.3648,108.3648,108.3648,5/24/2021
Bond Fund,83721926328,773368521.9,108.2562,108.2562,108.2562,5/21/2021
Bond Fund,83322694044,769937653.4,108.2201,108.2201,108.2201,5/20/2021
Bond Fund,83085811731,768035190.7,108.1797,108.1797,108.1797,5/19/2021
Bond Fund,83210006574,769445449.5,108.1428,108.1428,108.1428,5/18/2021
Bond Fund,83084796478,768546953.5,108.1063,108.1063,108.1063,5/17/2021
Bond Fund,82527674163,764421010.9,107.961,107.961,107.961,5/13/2021
Bond Fund,82170636490,761370852.5,107.9246,107.9246,107.9246,5/12/2021
Bond Fund,82314753992,762964848.9,107.888,107.888,107.888,5/11/2021
Bond Fund,82007480887,760373510.4,107.8516,107.8516,107.8516,5/10/2021
Bond Fund,81641806691,757792784.4,107.7363,107.7363,107.7363,5/7/2021
Bond Fund,81466289214,756385084.8,107.7048,107.7048,107.7048,5/6/2021
Bond Fund,81248294857,754667703.2,107.661,107.661,107.661,5/5/2021
Bond Fund,80706300037,749943092.1,107.6166,107.6166,107.6166,5/4/2021
Bond Fund,80875854306,751723679.9,107.5872,107.5872,107.5872,5/3/2021
Bond Fund,81433002702,750665953.5,108.481,108.481,108.481,4/30/2021
Bond Fund,81330726023,749969145,108.4454,108.4454,108.4454,4/29/2021
Bond Fund,81158342042,748626837.5,108.4096,108.4096,108.4096,4/28/2021
Bond Fund,80852712650,746056941.3,108.3734,108.3734,108.3734,4/27/2021
Bond Fund,79882937232,738059226.9,108.2338,108.2338,108.2338,4/23/2021
Bond Fund,79746486895,737007707.8,108.2031,108.2031,108.2031,4/22/2021
Bond Fund,79638843058,736267437.9,108.1656,108.1656,108.1656,4/21/2021
Bond Fund,79359857247,733927263.8,108.1304,108.1304,108.1304,4/20/2021
Bond Fund,78051059824,722057861.7,108.0953,108.0953,108.0953,4/19/2021
Bond Fund,78138298840,723579218.5,107.9886,107.9886,107.9886,4/16/2021
Bond Fund,77996525976,722503566.2,107.9531,107.9531,107.9531,4/15/2021
Bond Fund,77576740740,718852026.7,107.9175,107.9175,107.9175,4/14/2021
Bond Fund,78098598622,723937086.1,107.8804,107.8804,107.8804,4/13/2021
Bond Fund,77829589517,721681037.7,107.8449,107.8449,107.8449,4/12/2021
Bond Fund,77616817432,720418493.8,107.7385,107.7385,107.7385,4/9/2021
Bond Fund,76908469581,714070750.2,107.7043,107.7043,107.7043,4/8/2021
Bond Fund,76674662460,712373696.7,107.6326,107.6326,107.6326,4/6/2021
Bond Fund,76015177836,707423955.3,107.4535,107.4535,107.4535,4/1/2021
Bond Fund,76622759237,706739109.2,108.4173,108.4173,108.4173,3/31/2021
Bond Fund,76471883479,705581872.3,108.3813,108.3813,108.3813,3/30/2021
Bond Fund,75835906809,699946228.4,108.3453,108.3453,108.3453,3/29/2021
Bond Fund,75421167534,697055242.7,108.1997,108.1997,108.1997,3/25/2021
Bond Fund,75398755409,697094304.2,108.1615,108.1615,108.1615,3/24/2021
Bond Fund,75113890648,694693657.3,108.1252,108.1252,108.1252,3/23/2021
Bond Fund,74817328229,692883538.9,107.9797,107.9797,107.9797,3/19/2021
Bond Fund,74625910551,691344104.3,107.9432,107.9432,107.9432,3/18/2021
Bond Fund,74446411176,689914331.7,107.9067,107.9067,107.9067,3/17/2021
Bond Fund,74216981865,688020905.6,107.8702,107.8702,107.8702,3/16/2021
Bond Fund,74052408998,686728459.5,107.8336,107.8336,107.8336,3/15/2021
Bond Fund,73740671309,684535042.4,107.7237,107.7237,107.7237,3/12/2021
Bond Fund,73619522978,683643389.5,107.687,107.687,107.687,3/11/2021
Bond Fund,73707370490,684693796.8,107.6501,107.6501,107.6501,3/10/2021
Bond Fund,73598432777,683915151.4,107.6134,107.6134,107.6134,3/9/2021
Bond Fund,73465011003,682908963.1,107.5766,107.5766,107.5766,3/8/2021
Bond Fund,73205182510,681195153.1,107.4658,107.4658,107.4658,3/5/2021
Bond Fund,73252586227,681871180.9,107.4288,107.4288,107.4288,3/4/2021
Bond Fund,72968147432,679456750.5,107.3919,107.3919,107.3919,3/3/2021
Bond Fund,72034440797,670987474.1,107.3559,107.3559,107.3559,3/2/2021
Bond Fund,71408330789,665378724.3,107.3198,107.3198,107.3198,3/1/2021
Bond Fund,71726030691,662854449.9,108.2078,108.2078,108.2078,2/26/2021
Bond Fund,71646770364,662351642.5,108.1703,108.1703,108.1703,2/25/2021
Bond Fund,71493851914,661167812.4,108.1327,108.1327,108.1327,2/24/2021
Bond Fund,71296147621,659568462.7,108.0951,108.0951,108.0951,2/23/2021
Bond Fund,70807840072,655278849.6,108.0576,108.0576,108.0576,2/22/2021
Bond Fund,70495762086,653103444.2,107.9397,107.9397,107.9397,2/19/2021
Bond Fund,70090785798,649569736.3,107.9034,107.9034,107.9034,2/18/2021
Bond Fund,69928223002,648282251.4,107.8669,107.8669,107.8669,2/17/2021
Bond Fund,69792751696,647246042.7,107.8303,107.8303,107.8303,2/16/2021
Bond Fund,69826872303,647804383.7,107.7901,107.7901,107.7901,2/15/2021
Bond Fund,69752796123,647745054.4,107.6856,107.6856,107.6856,2/12/2021
Bond Fund,69716061491,647625018.4,107.6488,107.6488,107.6488,2/11/2021
Bond Fund,69537240091,646184615.5,107.612,107.612,107.612,2/10/2021
Bond Fund,69455757000,645648621.9,107.5752,107.5752,107.5752,2/9/2021
Bond Fund,68939963815,643305315.6,107.1652,107.1652,107.1652,2/8/2021
Bond Fund,68981819634,644374147.4,107.0524,107.0524,107.0524,2/5/2021
Bond Fund,68882713531,643674145.1,107.0149,107.0149,107.0149,2/4/2021
Bond Fund,68776466207,642907393.7,106.9773,106.9773,106.9773,2/3/2021
Bond Fund,67871571445,634667813.3,106.9403,106.9403,106.9403,2/2/2021
Bond Fund,67492267403,631348553.5,106.9018,106.9018,106.9018,2/1/2021
Bond Fund,67998225762,630841269.6,107.7898,107.7898,107.7898,1/29/2021
Bond Fund,67758273900,628839953.1,107.7512,107.7512,107.7512,1/28/2021
Bond Fund,67415528128,625875871.7,107.7139,107.7139,107.7139,1/27/2021
Bond Fund,67295342835,624976428.9,107.6766,107.6766,107.6766,1/26/2021
Bond Fund,66762263010,620240856.5,107.6393,107.6393,107.6393,1/25/2021
Bond Fund,66589829319,619284878.6,107.527,107.527,107.527,1/22/2021
Bond Fund,66596553339,619565095.4,107.4892,107.4892,107.4892,1/21/2021
Bond Fund,66384440533,617806704.8,107.4518,107.4518,107.4518,1/20/2021
Bond Fund,65952330171,614000786.2,107.4141,107.4141,107.4141,1/19/2021
Bond Fund,65538552695,610363019.1,107.3763,107.3763,107.3763,1/18/2021
Bond Fund,66412407608,619161120,107.2619,107.2619,107.2619,1/15/2021
Bond Fund,66048537976,615983562.1,107.2245,107.2245,107.2245,1/14/2021
Bond Fund,65946050835,615245873.1,107.1865,107.1865,107.1865,1/13/2021
Bond Fund,65671770518,613101938.6,107.114,107.114,107.114,1/11/2021
Bond Fund,65481527408,611960488.6,107.0029,107.0029,107.0029,1/8/2021
Bond Fund,64503109067,603018546.7,106.967,106.967,106.967,1/7/2021
Bond Fund,64117181438,599627591,106.9283,106.9283,106.9283,1/6/2021
Bond Fund,63911023600,597909691.4,106.8908,106.8908,106.8908,1/5/2021
Bond Fund,63496748481,594244339.9,106.8529,106.8529,106.8529,1/4/2021
Bond Fund,63929897106,593583339.7,107.7016,107.7016,107.7016,12/31/2020
Bond Fund,63728372890,591919777.9,107.6639,107.6639,107.6639,12/30/2020
Bond Fund,63280434691,587953532.5,107.6283,107.6283,107.6283,12/29/2020
Bond Fund,62945631709,585044927.6,107.5911,107.5911,107.5911,12/28/2020
Bond Fund,62868363679,585140655.8,107.4415,107.4415,107.4415,12/24/2020
Bond Fund,62699654939,583773367.4,107.4041,107.4041,107.4041,12/23/2020
Bond Fund,62576654840,582831426.1,107.3666,107.3666,107.3666,12/22/2020
Bond Fund,62302596844,580474918.5,107.3304,107.3304,107.3304,12/21/2020
Bond Fund,62302596844,580474918.5,107.3304,107.3304,107.3304,12/20/2020
Bond Fund,62199693831,580122559.2,107.2182,107.2182,107.2182,12/18/2020
Bond Fund,62059229624,579004257.6,107.1827,107.1827,107.1827,12/16/2020
Bond Fund,61449417201,573508688.2,107.1464,107.1464,107.1464,12/15/2020
Bond Fund,61073614858,570196908.5,107.1097,107.1097,107.1097,12/14/2020
Bond Fund,60938563451,569130561.3,107.0731,107.0731,107.0731,12/13/2020
Bond Fund,60547676415,566062953.4,106.9628,106.9628,106.9628,12/10/2020
Bond Fund,60335725196,564276202,106.9259,106.9259,106.9259,12/9/2020
Bond Fund,60124232099,562687924.9,106.8518,106.8518,106.8518,12/7/2020
Bond Fund,59887291213,560666271.6,106.8145,106.8145,106.8145,12/6/2020
Bond Fund,59855133214,560953783.7,106.7024,106.7024,106.7024,12/3/2020
Bond Fund,59474241652,557576699.8,106.6656,106.6656,106.6656,12/2/2020
Bond Fund,59087995870,554150283.3,106.6281,106.6281,106.6281,12/1/2020
Bond Fund,58821794081,551848772.6,106.5904,106.5904,106.5904,11/30/2020
Bond Fund,59245551263,550853654.6,107.5523,107.5523,107.5523,11/29/2020
Bond Fund,58785366559,547150743.2,107.4391,107.4391,107.4391,11/26/2020
Bond Fund,58641221504,546002380.5,107.401,107.401,107.401,11/25/2020
Bond Fund,58488493877,544773138,107.363,107.363,107.363,11/24/2020
Bond Fund,58379153848,543948445.1,107.3248,107.3248,107.3248,11/23/2020
Bond Fund,58109705719,541636034.8,107.2855,107.2855,107.2855,11/22/2020
Bond Fund,57984453839,541047573.6,107.1707,107.1707,107.1707,11/19/2020
Bond Fund,57799620773,539511955.5,107.1332,107.1332,107.1332,11/18/2020
Bond Fund,57622760474,538053049.5,107.0949,107.0949,107.0949,11/17/2020
Bond Fund,57733003393,539278530.1,107.056,107.056,107.056,11/16/2020
Bond Fund,57509320762,537381608.6,107.0177,107.0177,107.0177,11/15/2020
Bond Fund,57297183536,535965452.9,106.9046,106.9046,106.9046,11/12/2020
Bond Fund,57258356553,535791623.1,106.8668,106.8668,106.8668,11/11/2020
Bond Fund,57350830066,536847785.1,106.8288,106.8288,106.8288,11/10/2020
Bond Fund,56972297497,533492747.7,106.7911,106.7911,106.7911,11/9/2020
Bond Fund,56785221420,531928331.7,106.7535,106.7535,106.7535,11/8/2020
Bond Fund,56597727829,530692909.1,106.6487,106.6487,106.6487,11/5/2020
Bond Fund,56143346472,526619029,106.6109,106.6109,106.6109,11/4/2020
Bond Fund,56006401913,525508829.3,106.5756,106.5756,106.5756,11/3/2020
Bond Fund,55582234843,521704818.5,106.5396,106.5396,106.5396,11/2/2020
Bond Fund,55462443706,520756532.3,106.5036,106.5036,106.5036,11/1/2020
Bond Fund,56071038003,522122798.4,107.3905,107.3905,107.3905,10/29/2020
Bond Fund,55167193635,521668844.6,105.7514,105.7514,105.7514,10/26/2020
Bond Fund,54813786914,518511236.5,105.7138,105.7138,105.7138,10/25/2020
Bond Fund,54688834543,517884927.5,105.6004,105.6004,105.6004,10/22/2020
Bond Fund,54385885130,515014870.2,105.5633,105.5633,105.5633,10/21/2020
Bond Fund,54113198106,512806582.2,105.5236,105.5236,105.5236,10/20/2020
Bond Fund,53946743617,511409699.6,105.4864,105.4864,105.4864,10/19/2020
Bond Fund,53881890195,510977475.6,105.4487,105.4487,105.4487,10/18/2020
Bond Fund,53763145134,510393641.8,105.3366,105.3366,105.3366,10/15/2020
Bond Fund,53628318730,509294705.7,105.2992,105.2992,105.2992,10/14/2020
Bond Fund,53570597873,509109471.9,105.2241,105.2241,105.2241,10/12/2020
Bond Fund,53304995155,506765879.4,105.1866,105.1866,105.1866,10/11/2020
Bond Fund,53266827172,506946859.1,105.0738,105.0738,105.0738,10/8/2020
Bond Fund,53140416750,505924742.2,105.0362,105.0362,105.0362,10/7/2020
Bond Fund,52983109313,504603189.5,104.9996,104.9996,104.9996,10/6/2020
Bond Fund,52767584758,502726707.9,104.9628,104.9628,104.9628,10/5/2020
Bond Fund,52635877397,501648516.1,104.9258,104.9258,104.9258,10/4/2020
Bond Fund,52596113775,501800879.2,104.8147,104.8147,104.8147,10/1/2020
Bond Fund,51951932018,495828125.2,104.7781,104.7781,104.7781,9/30/2020
Bond Fund,52323770331,494812951.5,105.7445,105.7445,105.7445,9/29/2020
Bond Fund,52121122827,493071781.5,105.707,105.707,105.707,9/28/2020
Bond Fund,51923963894,491381826.8,105.6693,105.6693,105.6693,9/27/2020
Bond Fund,51853568967,491227309.4,105.5592,105.5592,105.5592,9/24/2020
Bond Fund,51636589895,489355016.5,105.5197,105.5197,105.5197,9/23/2020
Bond Fund,51650954025,489662335.9,105.4828,105.4828,105.4828,9/22/2020
Bond Fund,51262135857,486145509.6,105.4461,105.4461,105.4461,9/21/2020
Bond Fund,51171920211,485461205.4,105.4089,105.4089,105.4089,9/20/2020
Bond Fund,51074285380,485046477.3,105.2977,105.2977,105.2977,9/17/2020
Bond Fund,51020468238,484706160.1,105.2606,105.2606,105.2606,9/16/2020
Bond Fund,50936774278,484081627.3,105.2235,105.2235,105.2235,9/15/2020
Bond Fund,50922902236,484121026.2,105.1863,105.1863,105.1863,9/14/2020
Bond Fund,50610805400,481323969.8,105.1491,105.1491,105.1491,9/13/2020
Bond Fund,50388223733,479717022.1,105.0374,105.0374,105.0374,9/10/2020
Bond Fund,50316520792,479201927.7,105.0007,105.0007,105.0007,9/9/2020
Bond Fund,50240097026,478473771.7,104.9639,104.9639,104.9639,9/8/2020
Bond Fund,50087508011,477355244.3,104.9271,104.9271,104.9271,9/7/2020
Bond Fund,50035336906,477020202.1,104.8914,104.8914,104.8914,9/6/2020
Bond Fund,49875103566,475994595.3,104.7808,104.7808,104.7808,9/3/2020
Bond Fund,49596016041,473497575.3,104.744,104.744,104.744,9/2/2020
Bond Fund,49211583623,469994568.7,104.7067,104.7067,104.7067,9/1/2020
Bond Fund,49161392335,469680541.6,104.6699,104.6699,104.6699,8/31/2020
Bond Fund,49224401354,465974190.8,105.6376,105.6376,105.6376,8/30/2020
Bond Fund,48929605249,463682225,105.524,105.524,105.524,8/27/2020
Bond Fund,48804428188,462659395.7,105.4867,105.4867,105.4867,8/26/2020
Bond Fund,48725502052,462074689,105.4494,105.4494,105.4494,8/25/2020
Bond Fund,48306448782,458262274.4,105.4122,105.4122,105.4122,8/24/2020
Bond Fund,48083740177,456312204.5,105.3747,105.3747,105.3747,8/23/2020
Bond Fund,47692909149,453083056.2,105.2631,105.2631,105.2631,8/20/2020
Bond Fund,47454189462,450978299.7,105.225,105.225,105.225,8/19/2020
Bond Fund,47225432063,449128877.5,105.149,105.149,105.149,8/18/2020
Bond Fund,47257032146,449267157.5,105.1869,105.1869,105.1869,8/18/2020
Bond Fund,47054017199,447645490.7,105.1145,105.1145,105.1145,8/17/2020
Bond Fund,46570239320,443517683.1,105.002,105.002,105.002,8/13/2020
Bond Fund,46146102534,439606997.5,104.9713,104.9713,104.9713,8/12/2020
Bond Fund,45883283955,437268462.9,104.9316,104.9316,104.9316,8/11/2020
Bond Fund,45764661583,436293458.2,104.8942,104.8942,104.8942,8/10/2020
Bond Fund,45652256284,435371959.2,104.8581,104.8581,104.8581,8/9/2020
Bond Fund,45196811516,431475345.6,104.7495,104.7495,104.7495,8/6/2020
Bond Fund,44682879562,426716919.7,104.7132,104.7132,104.7132,8/5/2020
Bond Fund,43591278750,416436179.9,104.677,104.677,104.677,8/4/2020
Bond Fund,42966862693,410615906.9,104.64,104.64,104.64,8/3/2020
Bond Fund,42900999379,410084433.4,104.615,104.615,104.615,8/2/2020
Bond Fund,43153850032,409186389.9,105.4626,105.4626,105.4626,7/29/2020
Bond Fund,42540514551,403512632.7,105.4255,105.4255,105.4255,7/28/2020
Bond Fund,42503610346,403306310.6,105.3879,105.3879,105.3879,7/27/2020
Bond Fund,42459211075,403028997.7,105.3503,105.3503,105.3503,7/26/2020
Bond Fund,42194701060,400947156.8,105.2376,105.2376,105.2376,7/23/2020
Bond Fund,42114337239,400327079.6,105.1998,105.1998,105.1998,7/22/2020
Bond Fund,41932404052,398740598.5,105.1621,105.1621,105.1621,7/21/2020
Bond Fund,41785198883,397474505.4,105.1267,105.1267,105.1267,7/20/2020
Bond Fund,41794142559,397702765.5,105.0889,105.0889,105.0889,7/19/2020
Bond Fund,41636046578,396629839.3,104.9746,104.9746,104.9746,7/16/2020
Bond Fund,41596073197,396392185.1,104.9367,104.9367,104.9367,7/15/2020
Bond Fund,41439923869,395046846.5,104.8988,104.8988,104.8988,7/14/2020
Bond Fund,41121111199,392149198.1,104.8609,104.8609,104.8609,7/13/2020
Bond Fund,40850750989,389712045.8,104.8229,104.8229,104.8229,7/12/2020
Bond Fund,40753535051,389211973,104.7078,104.7078,104.7078,7/9/2020
Bond Fund,40685078268,388700338.1,104.6695,104.6695,104.6695,7/8/2020
Bond Fund,40648637393,388495522.8,104.6309,104.6309,104.6309,7/7/2020
Bond Fund,40367744687,386075228.5,104.5593,104.5593,104.5593,7/5/2020
Bond Fund,40184816026,384755419.9,104.4425,104.4425,104.4425,7/2/2020
Bond Fund,40005307192,383180772.3,104.4032,104.4032,104.4032,7/1/2020
Bond Fund,39871996927,382042555.1,104.3653,104.3653,104.3653,6/30/2020
Bond Fund,40139412652,381095640.7,105.3263,105.3263,105.3263,6/29/2020
Bond Fund,39945149258,379391294.9,105.2875,105.2875,105.2875,6/28/2020
Bond Fund,39524284018,375809393.8,105.1711,105.1711,105.1711,6/25/2020
Bond Fund,39375477277,374531087.7,105.1327,105.1327,105.1327,6/24/2020
Bond Fund,39417959451,375074275.4,105.0937,105.0937,105.0937,6/23/2020
Bond Fund,39315538187,374236784.7,105.0552,105.0552,105.0552,6/22/2020
Bond Fund,39154224553,372837950.3,105.0167,105.0167,105.0167,6/21/2020
Bond Fund,38973832054,371530021.8,104.9009,104.9009,104.9009,6/18/2020
Bond Fund,38870156897,370681407.5,104.8614,104.8614,104.8614,6/17/2020
Bond Fund,38768549341,369849011.2,104.8226,104.8226,104.8226,6/16/2020
Bond Fund,38706627420,369394015.4,104.7841,104.7841,104.7841,6/15/2020
Bond Fund,38656110328,369048628.1,104.7453,104.7453,104.7453,6/14/2020
Bond Fund,38487133637,367844036.5,104.6289,104.6289,104.6289,6/11/2020
Bond Fund,38486549836,367975759.4,104.5899,104.5899,104.5899,6/10/2020
Bond Fund,38460714543,367865173.4,104.5511,104.5511,104.5511,6/9/2020
Bond Fund,38217157133,365670779.5,104.5125,104.5125,104.5125,6/8/2020
Bond Fund,37974861601,363488120.7,104.4735,104.4735,104.4735,6/7/2020
Bond Fund,37941514867,363606863.2,104.3476,104.3476,104.3476,6/4/2020
Bond Fund,37831324972,362697795.7,104.3054,104.3054,104.3054,6/3/2020
Bond Fund,37578288213,360415949.7,104.2637,104.2637,104.2637,6/2/2020
Bond Fund,37433869312,359166889.3,104.2242,104.2242,104.2242,6/1/2020
Bond Fund,37265149753,357692214.3,104.1822,104.1822,104.1822,5/31/2020
Bond Fund,37355063999,355575954.1,105.0551,105.0551,105.0551,5/28/2020
Bond Fund,37342278356,355597470.5,105.0128,105.0128,105.0128,5/27/2020
Bond Fund,37249050542,354857756.4,104.969,104.969,104.969,5/26/2020
Bond Fund,36976077590,352399442.3,104.9266,104.9266,104.9266,5/25/2020
Bond Fund,36830517215,351573533.4,104.7591,104.7591,104.7591,5/21/2020
Bond Fund,36584105947,349364964.3,104.716,104.716,104.716,5/20/2020
Bond Fund,36612209193,349765845.9,104.6763,104.6763,104.6763,5/19/2020
Bond Fund,36482030309,348652625.7,104.6372,104.6372,104.6372,5/18/2020
Bond Fund,36134855264,345460409.6,104.5991,104.5991,104.5991,5/17/2020
Bond Fund,35743883653,342098404,104.4842,104.4842,104.4842,5/14/2020
Bond Fund,35639328520,341227593.9,104.4445,104.4445,104.4445,5/13/2020
Bond Fund,35616650081,341137805.7,104.4055,104.4055,104.4055,5/12/2020
Bond Fund,35424425312,339422196.3,104.3668,104.3668,104.3668,5/11/2020
Bond Fund,35351401911,338848887.3,104.3279,104.3279,104.3279,5/10/2020
Bond Fund,35178269629,337564085.8,104.2121,104.2121,104.2121,5/7/2020
Bond Fund,35107751038,337026854.3,104.169,104.169,104.169,5/6/2020
Bond Fund,35114983798,337221961,104.1302,104.1302,104.1302,5/5/2020
Bond Fund,34831576560,334621703.6,104.0924,104.0924,104.0924,5/4/2020
Bond Fund,34671013919,333203799.3,104.0535,104.0535,104.0535,5/3/2020
Bond Fund,34832229828,332041033,104.9034,104.9034,104.9034,4/29/2020
Bond Fund,33965508575,323900148.3,104.8641,104.8641,104.8641,4/28/2020
Bond Fund,33895660487,323354082.2,104.8252,104.8252,104.8252,4/27/2020
Bond Fund,33570845961,320734420.4,104.6687,104.6687,104.6687,4/26/2020
Bond Fund,33662033882,321244697.3,104.7863,104.7863,104.7863,4/26/2020
Bond Fund,33481830515,320012127.1,104.6268,104.6268,104.6268,4/22/2020
Bond Fund,33474108329,320055243.3,104.5885,104.5885,104.5885,4/21/2020
Bond Fund,36208509452,346312618.1,104.5544,104.5544,104.5544,4/20/2020
Bond Fund,36068777270,345087816.8,104.5206,104.5206,104.5206,4/19/2020
Bond Fund,36063899113,345396918.1,104.4129,104.4129,104.4129,4/16/2020
Bond Fund,35938606393,344308548.1,104.3791,104.3791,104.3791,4/15/2020
Bond Fund,35769162974,342796517.7,104.3452,104.3452,104.3452,4/14/2020
Bond Fund,35712735317,342367435.8,104.3111,104.3111,104.3111,4/13/2020
Bond Fund,35563509824,341541987.3,104.1263,104.1263,104.1263,4/8/2020
Bond Fund,35469940165,340755364.8,104.0921,104.0921,104.0921,4/7/2020
Bond Fund,35326121758,339597025.7,104.0236,104.0236,104.0236,4/5/2020
Bond Fund,35066099283,337411855.8,103.9267,103.9267,103.9267,4/2/2020
Bond Fund,34915262944,336081574.5,103.8893,103.8893,103.8893,4/1/2020
Bond Fund,34580279652,332975260.2,103.8524,103.8524,103.8524,3/31/2020
Bond Fund,34560754944,329731124.8,104.815,104.815,104.815,3/30/2020
Bond Fund,34397760008,328294406.7,104.7772,104.7772,104.7772,3/29/2020
Bond Fund,34319223740,327901253.4,104.6633,104.6633,104.6633,3/26/2020
Bond Fund,33980343209,324785139.4,104.6241,104.6241,104.6241,3/25/2020
Bond Fund,33930611310,324426034.4,104.5866,104.5866,104.5866,3/24/2020
Bond Fund,33912890697,324374802.7,104.5485,104.5485,104.5485,3/23/2020
Bond Fund,33619097249,321681761.4,104.5104,104.5104,104.5104,3/22/2020
Bond Fund,33455490751,320467539.4,104.3959,104.3959,104.3959,3/19/2020
Bond Fund,33332423900,319405169.5,104.3578,104.3578,104.3578,3/18/2020
Bond Fund,33204166703,318293203.1,104.3194,104.3194,104.3194,3/17/2020
Bond Fund,32947606273,315949933.1,104.2811,104.2811,104.2811,3/16/2020
Bond Fund,32801277090,314664955.9,104.2419,104.2419,104.2419,3/15/2020
Bond Fund,32710648532,314145815.9,104.1257,104.1257,104.1257,3/12/2020
Bond Fund,32519886574,312429819.4,104.087,104.087,104.087,3/11/2020
Bond Fund,32270753773,310151724.1,104.0483,104.0483,104.0483,3/10/2020
Bond Fund,32187962983,309466987,104.011,104.011,104.011,3/9/2020
Bond Fund,31977249790,307556300,103.972,103.972,103.972,3/8/2020
Bond Fund,31757085750,305901683.2,103.8147,103.8147,103.8147,3/4/2020
Bond Fund,31174768043,300405841.7,103.7755,103.7755,103.7755,3/3/2020
Bond Fund,30734364621,296271716.2,103.7371,103.7371,103.7371,3/2/2020
Bond Fund,30408547439,293243088.2,103.6974,103.6974,103.6974,3/1/2020
Bond Fund,30543608733,292215122.9,104.5244,104.5244,104.5244,2/27/2020
Bond Fund,30449867143,291429152.5,104.4846,104.4846,104.4846,2/26/2020
Bond Fund,30160444687,288769061.9,104.4449,104.4449,104.4449,2/25/2020
Bond Fund,30130710578,288598507.9,104.4036,104.4036,104.4036,2/24/2020
Bond Fund,30072271832,288147582.2,104.3641,104.3641,104.3641,2/23/2020
Bond Fund,29959447092,287392317.1,104.2458,104.2458,104.2458,2/20/2020
Bond Fund,29800292667,285973937.7,104.2063,104.2063,104.2063,2/19/2020
Bond Fund,29738893449,285493309.5,104.1667,104.1667,104.1667,2/18/2020
Bond Fund,29551889371,283805574.2,104.1272,104.1272,104.1272,2/17/2020
Bond Fund,29392930216,282380814.1,104.0897,104.0897,104.0897,2/16/2020
Bond Fund,29114708161,280025212.3,103.9717,103.9717,103.9717,2/13/2020
Bond Fund,29079959260,279797652.4,103.9321,103.9321,103.9321,2/12/2020
Bond Fund,29022580642,279388383.2,103.879,103.879,103.879,2/11/2020
Bond Fund,28900876277,278317719.3,103.8413,103.8413,103.8413,2/10/2020
Bond Fund,28839847955,277833080.8,103.8028,103.8028,103.8028,2/9/2020
Bond Fund,28776840332,277528389.9,103.6897,103.6897,103.6897,2/6/2020
Bond Fund,28660258131,276505273.9,103.6518,103.6518,103.6518,2/5/2020
Bond Fund,28706179198,277049673.7,103.6138,103.6138,103.6138,2/4/2020
Bond Fund,28275540088,272989448.9,103.5774,103.5774,103.5774,2/3/2020
Bond Fund,28173536875,272105119.7,103.5392,103.5392,103.5392,2/2/2020
Bond Fund,28390718260,271878658.2,104.4242,104.4242,104.4242,1/30/2020
Bond Fund,28364013456,271733198.6,104.3818,104.3818,104.3818,1/29/2020
Bond Fund,28341636439,271617462,104.3439,104.3439,104.3439,1/28/2020
Bond Fund,27760913496,266147628.3,104.3064,104.3064,104.3064,1/27/2020
Bond Fund,27632983675,265018285,104.2682,104.2682,104.2682,1/26/2020
Bond Fund,27480276887,263844731,104.1532,104.1532,104.1532,1/23/2020
Bond Fund,27447922228,263631147,104.1149,104.1149,104.1149,1/22/2020
Bond Fund,27375531654,263031393.7,104.0771,104.0771,104.0771,1/21/2020
Bond Fund,27258551967,261974453,104.0504,104.0504,104.0504,1/20/2020
Bond Fund,27148471031,261009827.6,104.0132,104.0132,104.0132,1/19/2020
Bond Fund,27029428608,260150002.5,103.8994,103.8994,103.8994,1/16/2020
Bond Fund,26977243223,259742806.9,103.8614,103.8614,103.8614,1/15/2020
Bond Fund,26977243223,259742806.9,103.8614,103.8614,103.8614,1/15/2020
Bond Fund,26937838641,259458049.6,103.8235,103.8235,103.8235,1/14/2020
Bond Fund,26831500690,258528529.1,103.7855,103.7855,103.7855,1/13/2020
Bond Fund,26809619974,258412800.2,103.7473,103.7473,103.7473,1/12/2020
Bond Fund,26684787471,257493707.2,103.6328,103.6328,103.6328,1/9/2020
Bond Fund,26590032445,256674250.7,103.5945,103.5945,103.5945,1/8/2020
Bond Fund,25924422126,250340405.2,103.5567,103.5567,103.5567,1/7/2020
Bond Fund,25970206322,250877341,103.5175,103.5175,103.5175,1/6/2020
Bond Fund,25919453847,250484404.6,103.4773,103.4773,103.4773,1/5/2020
Bond Fund,25804054529,249649369.5,103.3612,103.3612,103.3612,1/2/2020
Bond Fund,25586978257,247639371.7,103.3235,103.3235,103.3235,1/1/2020
Bond Fund,25445083011,246447343.6,103.2475,103.2475,103.2475,12/30/2019
Bond Fund,25424312151,246337353.9,103.2093,103.2093,103.2093,12/29/2019
Bond Fund,25297328360,245379965.5,103.0945,103.0945,103.0945,12/26/2019
Bond Fund,25169779887,244416267.6,102.9792,102.9792,102.9792,12/23/2019
Bond Fund,24756859170,240496705.9,102.9405,102.9405,102.9405,12/22/2019
Bond Fund,24497066534,238246662.8,102.8223,102.8223,102.8223,12/19/2019
Bond Fund,24489730741,238267798.9,102.7824,102.7824,102.7824,12/18/2019
Bond Fund,24418529445,237667119,102.7426,102.7426,102.7426,12/17/2019
Bond Fund,24401034756,237584861,102.7045,102.7045,102.7045,12/16/2019
Bond Fund,24069396264,234442648.1,102.6665,102.6665,102.6665,12/15/2019
Bond Fund,24010651457,234134946.1,102.5505,102.5505,102.5505,12/12/2019
Bond Fund,23988098225,234003364.5,102.5118,102.5118,102.5118,12/11/2019
Bond Fund,23681197800,231096904.7,102.473,102.473,102.473,12/10/2019
Bond Fund,23629937503,230685185.7,102.4337,102.4337,102.4337,12/9/2019
Bond Fund,23540535640,230166762.9,102.276,102.276,102.276,12/5/2019
Bond Fund,23483454209,229697413,102.2365,102.2365,102.2365,12/4/2019
Bond Fund,23325903677,228244626.3,102.1969,102.1969,102.1969,12/3/2019
Bond Fund,23278851734,227902762.7,102.1438,102.1438,102.1438,12/2/2019
Bond Fund,23161811769,226816488.1,102.117,102.117,102.117,12/1/2019
Bond Fund,22837215602,223895125.3,101.9996,101.9996,101.9996,11/28/2019
Bond Fund,22817257355,223786585.1,101.9599,101.9599,101.9599,11/27/2019
Bond Fund,22649363740,222226539.6,101.9202,101.9202,101.9202,11/26/2019
Bond Fund,22595923255,221789402.4,101.8801,101.8801,101.8801,11/25/2019
Bond Fund,22287345053,218844795.9,101.8409,101.8409,101.8409,11/24/2019
Bond Fund,22173946793,217987298.9,101.7213,101.7213,101.7213,11/21/2019
Bond Fund,22159558602,217933752.7,101.6803,101.6803,101.6803,11/20/2019
Bond Fund,17109475377,168316856.1,101.6504,101.6504,101.6504,11/19/2019
Bond Fund,16143219438,158929423.8,101.5748,101.5748,101.5748,11/17/2019
Bond Fund,16123549559,158929423.8,101.451,101.451,101.451,11/14/2019
Bond Fund,16117096257,158929423.8,101.4104,101.4104,101.4104,11/13/2019
Bond Fund,16110645660,158929423.8,101.3698,101.3698,101.3698,11/12/2019
